{"count":1,"self":5250.6681344,"total":17126.645689,"children":{"AgentSendState":{"count":2437801,"self":148.89015039999998,"total":2818.026465,"children":{"CollectObservations":{"count":15601952,"self":28.721376,"total":28.721377,"children":null},"CollectDiscreteActionMasks":{"count":15601952,"self":26.0848144,"total":26.084813999999998,"children":null},"AgentInfo.ToProto":{"count":15601952,"self":79.709536,"total":2614.33012,"children":{"GenerateSensorData":{"count":15601952,"self":557.9877376,"total":2534.6205809999997,"children":{"RayPerceptionSensor.Perceive":{"count":15601952,"self":1976.6329343999998,"total":1976.6328489999999,"children":null}}}}}}},"DecideAction":{"count":2437801,"self":8289.1931647999991,"total":8289.192991,"children":null},"AgentAct":{"count":2437801,"self":761.04488959999992,"total":761.081521,"children":{"AgentInfo.ToProto":{"count":230,"self":0.001413,"total":0.036613,"children":{"GenerateSensorData":{"count":230,"self":0.003949,"total":0.035199999999999995,"children":{"RayPerceptionSensor.Perceive":{"count":230,"self":0.031251,"total":0.031251,"children":null}}}}}}},"AgentInfo.ToProto":{"count":38422,"self":0.305454,"total":7.675592,"children":{"GenerateSensorData":{"count":38422,"self":1.533245,"total":7.370138,"children":{"RayPerceptionSensor.Perceive":{"count":38422,"self":5.8368927999999993,"total":5.836893,"children":null}}}}}},"gauges":{"Shooter.CumulativeReward":{"count":38652,"max":780.2499,"min":-145.695114,"runningAverage":237.853455,"value":564.9601,"weightedAverage":266.652649}},"metadata":{"timer_format_version":"0.1.0","start_time_seconds":"1619941396","unity_version":"2020.1.6f1","command_line_arguments":"\/unity\/2020.1.6f1\/Editor\/Unity -projectpath \/home\/amit\/Unity\/RLProjects -useHub -hubIPC -cloudEnvironment production -hubSessionId 2a3221d0-aa56-11eb-9779-438f5a656afe","communication_protocol_version":"1.0.0","com.unity.ml-agents_version":"1.0.7","scene_name":"ShootersTrainingGround","end_time_seconds":"1619958522"}}