{"count":1,"self":19.6406816,"total":68.341315999999992,"children":{"AgentSendState":{"count":3567,"self":0.716507,"total":8.370382,"children":{"CollectObservations":{"count":45696,"self":1.1326509999999999,"total":1.1326509999999999,"children":null},"CollectDiscreteActionMasks":{"count":45696,"self":0.136147,"total":0.136147,"children":null},"AgentInfo.ToProto":{"count":45696,"self":0.35883899999999996,"total":6.385077,"children":{"GenerateSensorData":{"count":45696,"self":1.3409929999999999,"total":6.0262379999999993,"children":{"RayPerceptionSensor.Perceive":{"count":45696,"self":4.6852447999999995,"total":4.685245,"children":null}}}}}}},"DecideAction":{"count":3567,"self":37.070588799999996,"total":37.070589999999996,"children":null},"AgentAct":{"count":3567,"self":3.226118,"total":3.252135,"children":{"AgentInfo.ToProto":{"count":176,"self":0.0015719999999999998,"total":0.026017,"children":{"GenerateSensorData":{"count":176,"self":0.003258,"total":0.024444999999999998,"children":{"RayPerceptionSensor.Perceive":{"count":176,"self":0.021186999999999998,"total":0.021186999999999998,"children":null}}}}}}},"AgentInfo.ToProto":{"count":39,"self":0.000513,"total":0.0065509999999999995,"children":{"GenerateSensorData":{"count":39,"self":0.000847,"total":0.006038,"children":{"RayPerceptionSensor.Perceive":{"count":39,"self":0.0051909999999999994,"total":0.0051909999999999994,"children":null}}}}}},"gauges":{"Walk.CumulativeReward":{"count":106,"max":3.98056149,"min":0.0921017155,"runningAverage":0.5753943,"value":0.43801108,"weightedAverage":0.859973431},"RunAway.CumulativeReward":{"count":88,"max":0.9999907,"min":0.9989907,"runningAverage":0.9995475,"value":0.9999907,"weightedAverage":0.9998847}},"metadata":{"timer_format_version":"0.1.0","start_time_seconds":"1606828482","unity_version":"2020.1.6f1","command_line_arguments":"\/unity\/2020.1.6f1\/Editor\/Unity -projectpath \/home\/amit\/Unity\/RLProjects -useHub -hubIPC -cloudEnvironment production -hubSessionId c38d7cf0-33bc-11eb-bd47-073212c0d8fe -accessToken 1QT2lGIK2IHYHqdLE9CbhqsfR14jeDO6Dk-_trLVbaw011f","communication_protocol_version":"1.0.0","com.unity.ml-agents_version":"1.0.5","scene_name":"SpiderTraining","end_time_seconds":"1606828550"}}