{"count":1,"self":613.9173888,"total":1499.955374,"children":{"AgentSendState":{"count":140951,"self":22.773659199999997,"total":196.006013,"children":{"CollectObservations":{"count":1804224,"self":39.1532,"total":39.1532,"children":null},"CollectDiscreteActionMasks":{"count":1804224,"self":5.1037968,"total":5.103797,"children":null},"AgentInfo.ToProto":{"count":902112,"self":6.706284,"total":128.975357,"children":{"GenerateSensorData":{"count":902112,"self":22.510552,"total":122.26907299999999,"children":{"RayPerceptionSensor.Perceive":{"count":902112,"self":99.7585216,"total":99.758521,"children":null}}}}}}},"DecideAction":{"count":140951,"self":503.48600319999997,"total":577.80228,"children":{"RayPerceptionSensor.Perceive":{"count":902112,"self":74.3162816,"total":74.316281,"children":null}}},"AgentAct":{"count":140951,"self":111.3364352,"total":111.95156399999999,"children":{"AgentInfo.ToProto":{"count":3634,"self":0.041319999999999996,"total":0.615131,"children":{"GenerateSensorData":{"count":3634,"self":0.107261,"total":0.573811,"children":{"RayPerceptionSensor.Perceive":{"count":3634,"self":0.46654999999999996,"total":0.46654999999999996,"children":null}}}}}}},"AgentInfo.ToProto":{"count":1646,"self":0.021564999999999997,"total":0.27708499999999997,"children":{"GenerateSensorData":{"count":1646,"self":0.057925,"total":0.25551999999999997,"children":{"RayPerceptionSensor.Perceive":{"count":1646,"self":0.197595,"total":0.197595,"children":null}}}}}},"gauges":{"Walk.CumulativeReward":{"count":5280,"max":30.1791134,"min":0.0135178184,"runningAverage":4.26499367,"value":10.254508,"weightedAverage":4.37857342},"RunAway.CumulativeReward":{"count":3634,"max":0.9999907,"min":-0.8079932,"runningAverage":0.9803319,"value":0.9999907,"weightedAverage":0.997319}},"metadata":{"timer_format_version":"0.1.0","start_time_seconds":"1607254263","unity_version":"2020.1.6f1","command_line_arguments":"\/unity\/2020.1.6f1\/Editor\/Unity -projectpath \/home\/amit\/Unity\/RLProjects -useHub -hubIPC -cloudEnvironment production -hubSessionId c38d7cf0-33bc-11eb-bd47-073212c0d8fe -accessToken SNCX4VABpB32seGv6Rc2H0_OiiMYqv6Fd3wJDadP7xk011f","communication_protocol_version":"1.0.0","com.unity.ml-agents_version":"1.0.5","scene_name":"SpiderTraining","end_time_seconds":"1607255763"}}