{"count":1,"self":1103.0352896,"total":2634.128015,"children":{"AgentSendState":{"count":256384,"self":44.1206944,"total":508.61823799999996,"children":{"CollectObservations":{"count":3281728,"self":71.10021119999999,"total":71.10020999999999,"children":null},"CollectDiscreteActionMasks":{"count":3281728,"self":9.020724,"total":9.020724,"children":null},"RayPerceptionSensor.Perceive":{"count":1640864,"self":125.96505599999999,"total":125.965054,"children":null},"AgentInfo.ToProto":{"count":1640864,"self":12.569215999999999,"total":258.41155599999996,"children":{"GenerateSensorData":{"count":1640864,"self":52.019353599999995,"total":245.84233999999998,"children":{"RayPerceptionSensor.Perceive":{"count":1640864,"self":193.8229888,"total":193.822985,"children":null}}}}}}},"DecideAction":{"count":256384,"self":840.79022079999993,"total":840.79023999999993,"children":null},"AgentAct":{"count":256384,"self":178.7727744,"total":180.206715,"children":{"RayPerceptionSensor.Perceive":{"count":5561,"self":0.50354199999999993,"total":0.50354199999999993,"children":null},"AgentInfo.ToProto":{"count":5561,"self":0.051408999999999996,"total":0.930396,"children":{"GenerateSensorData":{"count":5561,"self":0.152591,"total":0.878987,"children":{"RayPerceptionSensor.Perceive":{"count":5561,"self":0.72639599999999993,"total":0.72639599999999993,"children":null}}}}}}},"RayPerceptionSensor.Perceive":{"count":4316,"self":0.598451,"total":0.598451,"children":null},"AgentInfo.ToProto":{"count":4316,"self":0.055980999999999996,"total":0.878262,"children":{"GenerateSensorData":{"count":4316,"self":0.19891299999999998,"total":0.82228099999999993,"children":{"RayPerceptionSensor.Perceive":{"count":4316,"self":0.62336799999999992,"total":0.62336799999999992,"children":null}}}}}},"gauges":{"RunAway.CumulativeReward":{"count":5561,"max":0.9999907,"min":0.9989907,"runningAverage":0.9998351,"value":0.9989907,"weightedAverage":0.99899286},"Walk.CumulativeReward":{"count":9877,"max":5.39574766,"min":0.0254987422,"runningAverage":2.41526842,"value":5.13162756,"weightedAverage":5.158127}},"metadata":{"timer_format_version":"0.1.0","start_time_seconds":"1606955054","unity_version":"2020.1.6f1","command_line_arguments":"\/unity\/2020.1.6f1\/Editor\/Unity -projectpath \/home\/amit\/Unity\/RLProjects -useHub -hubIPC -cloudEnvironment production -hubSessionId c38d7cf0-33bc-11eb-bd47-073212c0d8fe -accessToken 1QT2lGIK2IHYHqdLE9CbhqsfR14jeDO6Dk-_trLVbaw011f","communication_protocol_version":"1.0.0","com.unity.ml-agents_version":"1.0.5","scene_name":"SpiderTraining","end_time_seconds":"1606957688"}}