{"count":1,"self":105.23831679999999,"total":256.193416,"children":{"AgentSendState":{"count":25367,"self":4.130904,"total":46.880472,"children":{"CollectObservations":{"count":324736,"self":6.2119728,"total":6.2119729999999995,"children":null},"CollectDiscreteActionMasks":{"count":324736,"self":0.867772,"total":0.867772,"children":null},"RayPerceptionSensor.Perceive":{"count":162368,"self":11.7839552,"total":11.783954999999999,"children":null},"AgentInfo.ToProto":{"count":162368,"self":1.240863,"total":23.885868,"children":{"GenerateSensorData":{"count":162368,"self":5.3927119999999995,"total":22.645004999999998,"children":{"RayPerceptionSensor.Perceive":{"count":162368,"self":17.2522928,"total":17.252292999999998,"children":null}}}}}}},"DecideAction":{"count":25367,"self":87.155936,"total":87.155935,"children":null},"AgentAct":{"count":25367,"self":16.7221968,"total":16.917054,"children":{"RayPerceptionSensor.Perceive":{"count":797,"self":0.060631,"total":0.060631,"children":null},"AgentInfo.ToProto":{"count":797,"self":0.0057849999999999993,"total":0.13422599999999998,"children":{"GenerateSensorData":{"count":797,"self":0.040306999999999996,"total":0.128441,"children":{"RayPerceptionSensor.Perceive":{"count":797,"self":0.08813399999999999,"total":0.08813399999999999,"children":null}}}}}}},"RayPerceptionSensor.Perceive":{"count":3,"self":0.000317,"total":0.000317,"children":null},"AgentInfo.ToProto":{"count":3,"self":2.9999999999999997E-05,"total":0.000405,"children":{"GenerateSensorData":{"count":3,"self":4.9999999999999996E-05,"total":0.000375,"children":{"RayPerceptionSensor.Perceive":{"count":3,"self":0.000325,"total":0.000325,"children":null}}}}}},"gauges":{"RunAway.CumulativeReward":{"count":797,"max":0.9999907,"min":0.9989907,"runningAverage":0.9999471,"value":0.9999907,"weightedAverage":0.9999906},"Walk.CumulativeReward":{"count":800,"max":3.45516229,"min":0.218366116,"runningAverage":0.373453766,"value":0.3744112,"weightedAverage":0.373227149}},"metadata":{"timer_format_version":"0.1.0","start_time_seconds":"1606954728","unity_version":"2020.1.6f1","command_line_arguments":"\/unity\/2020.1.6f1\/Editor\/Unity -projectpath \/home\/amit\/Unity\/RLProjects -useHub -hubIPC -cloudEnvironment production -hubSessionId c38d7cf0-33bc-11eb-bd47-073212c0d8fe -accessToken 1QT2lGIK2IHYHqdLE9CbhqsfR14jeDO6Dk-_trLVbaw011f","communication_protocol_version":"1.0.0","com.unity.ml-agents_version":"1.0.5","scene_name":"SpiderTraining","end_time_seconds":"1606954984"}}