{"count":1,"self":11053.5213056,"total":27982.514132,"children":{"AgentSendState":{"count":2735551,"self":313.37733119999996,"total":3879.969135,"children":{"CollectObservations":{"count":17507552,"self":711.45466879999992,"total":711.454671,"children":null},"CollectDiscreteActionMasks":{"count":17507552,"self":50.5613856,"total":50.561386999999996,"children":null},"AgentInfo.ToProto":{"count":17507552,"self":140.8652544,"total":2804.5757479999997,"children":{"GenerateSensorData":{"count":17507552,"self":580.5182464,"total":2663.7104959999997,"children":{"RayPerceptionSensor.Perceive":{"count":17507552,"self":2083.1922176,"total":2083.192266,"children":null}}}}}}},"DecideAction":{"count":2735551,"self":11104.264191999999,"total":11104.263918999999,"children":null},"AgentAct":{"count":2735551,"self":1912.9958399999998,"total":1915.097681,"children":{"AgentInfo.ToProto":{"count":11238,"self":0.1492,"total":2.1019419999999998,"children":{"GenerateSensorData":{"count":11238,"self":0.455268,"total":1.952742,"children":{"RayPerceptionSensor.Perceive":{"count":11238,"self":1.497474,"total":1.497474,"children":null}}}}}}},"AgentInfo.ToProto":{"count":153046,"self":2.2692669999999997,"total":29.660656999999997,"children":{"GenerateSensorData":{"count":153046,"self":6.6710208,"total":27.391389999999998,"children":{"RayPerceptionSensor.Perceive":{"count":153046,"self":20.720369599999998,"total":20.720368999999998,"children":null}}}}}},"gauges":{"Walk.CumulativeReward":{"count":164284,"max":5.48418665,"min":-0.1371234,"runningAverage":4.77438974,"value":5.15565968,"weightedAverage":5.11928844}},"metadata":{"timer_format_version":"0.1.0","start_time_seconds":"1607075190","unity_version":"2020.1.6f1","command_line_arguments":"\/unity\/2020.1.6f1\/Editor\/Unity -projectpath \/home\/amit\/Unity\/RLProjects -useHub -hubIPC -cloudEnvironment production -hubSessionId c38d7cf0-33bc-11eb-bd47-073212c0d8fe -accessToken SNCX4VABpB32seGv6Rc2H0_OiiMYqv6Fd3wJDadP7xk011f","communication_protocol_version":"1.0.0","com.unity.ml-agents_version":"1.0.5","scene_name":"TrainingWithStaticPrey","end_time_seconds":"1607103173"}}