{"count":1,"self":1233.6046079999999,"total":3078.236212,"children":{"AgentSendState":{"count":316451,"self":34.9278784,"total":441.80094399999996,"children":{"CollectObservations":{"count":2025312,"self":79.0993408,"total":79.099341,"children":null},"CollectDiscreteActionMasks":{"count":2025312,"self":5.8281832,"total":5.828183,"children":null},"AgentInfo.ToProto":{"count":2025312,"self":15.7874336,"total":321.94554,"children":{"GenerateSensorData":{"count":2025312,"self":63.7913472,"total":306.158107,"children":{"RayPerceptionSensor.Perceive":{"count":2025312,"self":242.3667712,"total":242.366759,"children":null}}}}}}},"DecideAction":{"count":316451,"self":1188.2467328,"total":1188.2467279999998,"children":null},"AgentAct":{"count":316451,"self":212.29173759999998,"total":213.32263999999998,"children":{"AgentInfo.ToProto":{"count":6263,"self":0.074526,"total":1.0309059999999999,"children":{"GenerateSensorData":{"count":6263,"self":0.151005,"total":0.95638,"children":{"RayPerceptionSensor.Perceive":{"count":6263,"self":0.805375,"total":0.805375,"children":null}}}}}}},"AgentInfo.ToProto":{"count":6294,"self":0.088105,"total":1.2603149999999999,"children":{"GenerateSensorData":{"count":6294,"self":0.20399199999999998,"total":1.17221,"children":{"RayPerceptionSensor.Perceive":{"count":6294,"self":0.96821799999999991,"total":0.96821799999999991,"children":null}}}}}},"gauges":{"Walk.CumulativeReward":{"count":12557,"max":5.52841139,"min":0.0187665839,"runningAverage":2.85215163,"value":5.22076559,"weightedAverage":5.23307276}},"metadata":{"timer_format_version":"0.1.0","start_time_seconds":"1607005974","unity_version":"2020.1.6f1","command_line_arguments":"\/unity\/2020.1.6f1\/Editor\/Unity -projectpath \/home\/amit\/Unity\/RLProjects -useHub -hubIPC -cloudEnvironment production -hubSessionId c38d7cf0-33bc-11eb-bd47-073212c0d8fe -accessToken SNCX4VABpB32seGv6Rc2H0_OiiMYqv6Fd3wJDadP7xk011f","communication_protocol_version":"1.0.0","com.unity.ml-agents_version":"1.0.5","scene_name":"TrainingWithStaticPrey","end_time_seconds":"1607009052"}}